id	status	acceptance
21307	Integrate	root necessary source/actual owner/actual body-neighbors-ownnote POST passed
21320	Integrate	root necessary source/actual owner/actual body-neighbors-ownnote POST passed
21321	Integrate	root necessary source/actual owner/actual body-neighbors-ownnote POST passed
21340	Pending	ordinary necessary review/owner/non-author gate remaining
21341	Integrate	root necessary source/actual owner/actual body-neighbors-ownnote POST passed
21346	Pending	ordinary necessary review/owner/non-author gate remaining
21368	Disputed	root necessary source/actual owner decision passed
21371	Pending	ordinary necessary review/owner/non-author gate remaining
21397	Pending	ordinary necessary review/owner/non-author gate remaining
21402	Pending	ordinary necessary review/owner/non-author gate remaining
21420	Integrate	root necessary source/actual owner/actual body-neighbors-ownnote POST passed
21424	Pending	ordinary necessary review/owner/non-author gate remaining
21428	Integrate	root necessary source/actual owner/actual body-neighbors-ownnote POST passed
21429	Integrate	root necessary source/actual owner/actual body-neighbors-ownnote POST passed
21442	Pending	ordinary necessary review/owner/non-author gate remaining
21445	Integrate	root necessary source/actual owner/actual body-neighbors-ownnote POST passed
21447	Existing	root necessary source/actual owner decision passed
21454	Integrate	root necessary source/actual owner/actual body-neighbors-ownnote POST passed
21461	Integrate	root necessary source/actual owner/actual body-neighbors-ownnote POST passed
21467	Existing	root necessary source/actual owner decision passed
21472	Integrate	root necessary source/actual owner/actual body-neighbors-ownnote POST passed
21477	Integrate	root necessary source/actual owner/actual body-neighbors-ownnote POST passed
21480	Existing	root necessary source/actual owner decision passed
21492	Integrate	root necessary source/actual owner/actual body-neighbors-ownnote POST passed
21496	Integrate	root necessary source/actual owner/actual body-neighbors-ownnote POST passed
21497	Integrate	root necessary source/actual owner/actual body-neighbors-ownnote POST passed
21499	Pending	ordinary necessary review/owner/non-author gate remaining
21508	Pending	ordinary necessary review/owner/non-author gate remaining
21514	Pending	ordinary necessary review/owner/non-author gate remaining
21515	Pending	ordinary necessary review/owner/non-author gate remaining
21531	Pending	ordinary necessary review/owner/non-author gate remaining
21534	Pending	ordinary necessary review/owner/non-author gate remaining
21543	Pending	ordinary necessary review/owner/non-author gate remaining
21545	Pending	ordinary necessary review/owner/non-author gate remaining
21547	Pending	ordinary necessary review/owner/non-author gate remaining
21548	Pending	ordinary necessary review/owner/non-author gate remaining
21565	Pending	ordinary necessary review/owner/non-author gate remaining
21585	Pending	ordinary necessary review/owner/non-author gate remaining
21591	Pending	ordinary necessary review/owner/non-author gate remaining
21593	Pending	ordinary necessary review/owner/non-author gate remaining
21595	Existing	root necessary source/actual owner decision passed
21596	Pending	ordinary necessary review/owner/non-author gate remaining
21600	Pending	ordinary necessary review/owner/non-author gate remaining
21611	Pending	ordinary necessary review/owner/non-author gate remaining
21619	Pending	ordinary necessary review/owner/non-author gate remaining
21622	Pending	ordinary necessary review/owner/non-author gate remaining
21626	Pending	ordinary necessary review/owner/non-author gate remaining
21627	Pending	ordinary necessary review/owner/non-author gate remaining
21628	Pending	ordinary necessary review/owner/non-author gate remaining
21633	Pending	ordinary necessary review/owner/non-author gate remaining
21646	Integrate	root necessary source/actual owner/actual body-neighbors-ownnote POST passed
21652	Disputed	root necessary source/actual owner decision passed
21655	Integrate	root necessary source/actual owner/actual body-neighbors-ownnote POST passed
21669	Integrate	root necessary source/actual owner/actual body-neighbors-ownnote POST passed
21684	Pending	ordinary necessary review/owner/non-author gate remaining
21697	Existing	root necessary source/actual owner decision passed
21704	Existing	root necessary source/actual owner decision passed
21716	Integrate	root necessary source/actual owner/actual body-neighbors-ownnote POST passed
21723	Pending	ordinary necessary review/owner/non-author gate remaining
21736	Integrate	root necessary source/actual owner/actual body-neighbors-ownnote POST passed
21743	Integrate	root necessary source/actual owner/actual body-neighbors-ownnote POST passed
21760	Disputed	root necessary source/actual owner decision passed
21773	Pending	ordinary necessary review/owner/non-author gate remaining
21778	Existing	root necessary source/actual owner decision passed
21779	Existing	root necessary source/actual owner decision passed
21780	Existing	root necessary source/actual owner decision passed
21788	Integrate	root necessary source/actual owner/actual body-neighbors-ownnote POST passed
21811	Existing	root necessary source/actual owner decision passed
21818	Pending	ordinary necessary review/owner/non-author gate remaining
21824	Integrate	root necessary source/actual owner/actual body-neighbors-ownnote POST passed
21854	Existing	root necessary source/actual owner decision passed
21864	Pending	ordinary necessary review/owner/non-author gate remaining
21887	Integrate	root necessary source/actual owner/actual body-neighbors-ownnote POST passed
21897	Pending	ordinary necessary review/owner/non-author gate remaining
21900	Integrate	root necessary source/actual owner/actual body-neighbors-ownnote POST passed
21919	Pending	ordinary necessary review/owner/non-author gate remaining
21941	Integrate	root necessary source/actual owner/actual body-neighbors-ownnote POST passed
21947	Existing	root necessary source/actual owner decision passed
21950	Existing	root necessary source/actual owner decision passed
21952	Existing	root necessary source/actual owner decision passed
21977	Pending	ordinary necessary review/owner/non-author gate remaining
21978	Integrate	root necessary source/actual owner/actual body-neighbors-ownnote POST passed
21997	Integrate	root necessary source/actual owner/actual body-neighbors-ownnote POST passed
22010	Existing	root necessary source/actual owner decision passed
22013	Pending	ordinary necessary review/owner/non-author gate remaining
22014	Pending	ordinary necessary review/owner/non-author gate remaining
22056	Integrate	root necessary source/actual owner/actual body-neighbors-ownnote POST passed
22067	Existing	root necessary source/actual owner decision passed
22070	Existing	root necessary source/actual owner decision passed
22072	Existing	root necessary source/actual owner decision passed
22088	Pending	ordinary necessary review/owner/non-author gate remaining
22091	Existing	root necessary source/actual owner decision passed
22103	Integrate	root necessary source/actual owner/actual body-neighbors-ownnote POST passed
22107	Pending	ordinary necessary review/owner/non-author gate remaining
22122	Integrate	root necessary source/actual owner/actual body-neighbors-ownnote POST passed
22124	Integrate	root necessary source/actual owner/actual body-neighbors-ownnote POST passed
22142	Integrate	root necessary source/actual owner/actual body-neighbors-ownnote POST passed
22144	Pending	ordinary necessary review/owner/non-author gate remaining
22145	Pending	ordinary necessary review/owner/non-author gate remaining
22146	Pending	ordinary necessary review/owner/non-author gate remaining
22150	Existing	root necessary source/actual owner decision passed
22158	Pending	ordinary necessary review/owner/non-author gate remaining
22175	Pending	ordinary necessary review/owner/non-author gate remaining
22190	Pending	ordinary necessary review/owner/non-author gate remaining
22193	Pending	ordinary necessary review/owner/non-author gate remaining
22197	Pending	ordinary necessary review/owner/non-author gate remaining
22208	Pending	ordinary necessary review/owner/non-author gate remaining
NANO_BANANA2	OnlyReport	root exact original release identity passed; Mar19 modified specs isolated
